customer_id,name,address,phone
1,Paco Perez,Calle Pez 32,956189554
2,Paco Perez,Calle Pez 32,956189554
3,Paco Perez,Calle Pez 32,956189554
4,Paco Perez,Calle Pez 32,956189554
5,Paco Perez,Calle Pez 32,956189554
6,Paco Perez,Calle Pez 32,956189554
7,Paco Perez,Calle Pez 32,956189554
8,Paco Perez,Calle Pez 32,956189554
9,Paco Perez,Calle Pez 32,956189554
10,Paco Perez,Calle Pez 32,956189554
11,Paco Perez,Calle Pez 32,956189554
12,Paco Perez,Calle Pez 32,956189554
13,Paco Perez,Calle Pez 32,956189554
14,Paco Perez,Calle Pez 32,956189554
15,Paco Perez,Calle Pez 32,956189554
16,Paco Perez,Calle Pez 32,956189554
17,Paco Perez,Calle Pez 32,956189554
18,Paco Perez,Calle Pez 32,956189554
19,Paco Perez,Calle Pez 32,956189554
20,Paco Perez,Calle Pez 32,956189554
21,Paco Perez,Calle Pez 32,956189554
22,Paco Perez,Calle Pez 32,956189554
23,Paco Perez,Calle Pez 32,956189554
24,Paco Perez,Calle Pez 32,956189554
25,Paco Perez,Calle Pez 32,956189554
26,Paco Perez,Calle Pez 32,956189554
27,Paco Perez,Calle Pez 32,956189554
28,Paco Perez,Calle Pez 32,956189554
29,Paco Perez,Calle Pez 32,956189554
30,Paco Perez,Calle Pez 32,956189554
31,Paco Perez,Calle Pez 32,956189554
32,Paco Perez,Calle Pez 32,956189554
33,Paco Perez,Calle Pez 32,956189554
34,Paco Perez,Calle Pez 32,956189554
35,Paco Perez,Calle Pez 32,956189554
36,Paco Perez,Calle Pez 32,956189554
37,Paco Perez,Calle Pez 32,956189554
38,Paco Perez,Calle Pez 32,956189554
39,Paco Perez,Calle Pez 32,956189554
40,Paco Perez,Calle Pez 32,956189554
41,Paco Perez,Calle Pez 32,956189554
42,Paco Perez,Calle Pez 32,956189554
43,Paco Perez,Calle Pez 32,956189554
44,Paco Perez,Calle Pez 32,956189554
45,Paco Perez,Calle Pez 32,956189554
46,Paco Perez,Calle Pez 32,956189554
47,Paco Perez,Calle Pez 32,956189554
48,Paco Perez,Calle Pez 32,956189554
49,Paco Perez,Calle Pez 32,956189554
50,Paco Perez,Calle Pez 32,956189554
51,Paco Perez,Calle Pez 32,956189554
52,Paco Perez,Calle Pez 32,956189554
53,Paco Perez,Calle Pez 32,956189554
54,Paco Perez,Calle Pez 32,956189554
55,Paco Perez,Calle Pez 32,956189554
56,Paco Perez,Calle Pez 32,956189554
57,Paco Perez,Calle Pez 32,956189554
58,Paco Perez,Calle Pez 32,956189554
59,Paco Perez,Calle Pez 32,956189554
60,Paco Perez,Calle Pez 32,956189554
61,Paco Perez,Calle Pez 32,956189554
62,Paco Perez,Calle Pez 32,956189554
63,Paco Perez,Calle Pez 32,956189554
64,Paco Perez,Calle Pez 32,956189554
65,Paco Perez,Calle Pez 32,956189554
66,Paco Perez,Calle Pez 32,956189554
67,Paco Perez,Calle Pez 32,956189554
68,Paco Perez,Calle Pez 32,956189554
69,Paco Perez,Calle Pez 32,956189554
70,Paco Perez,Calle Pez 32,956189554
71,Paco Perez,Calle Pez 32,956189554
72,Paco Perez,Calle Pez 32,956189554
73,Paco Perez,Calle Pez 32,956189554
74,Paco Perez,Calle Pez 32,956189554
75,Paco Perez,Calle Pez 32,956189554
76,Paco Perez,Calle Pez 32,956189554
77,Paco Perez,Calle Pez 32,956189554
78,Paco Perez,Calle Pez 32,956189554
79,Paco Perez,Calle Pez 32,956189554
80,Paco Perez,Calle Pez 32,956189554
81,Paco Perez,Calle Pez 32,956189554
82,Paco Perez,Calle Pez 32,956189554
83,Paco Perez,Calle Pez 32,956189554
84,Paco Perez,Calle Pez 32,956189554
85,Paco Perez,Calle Pez 32,956189554
86,Paco Perez,Calle Pez 32,956189554
87,Paco Perez,Calle Pez 32,956189554
88,Paco Perez,Calle Pez 32,956189554
89,Paco Perez,Calle Pez 32,956189554
90,Paco Perez,Calle Pez 32,956189554
91,Paco Perez,Calle Pez 32,956189554
92,Paco Perez,Calle Pez 32,956189554
93,Paco Perez,Calle Pez 32,956189554
94,Paco Perez,Calle Pez 32,956189554
95,Paco Perez,Calle Pez 32,956189554
96,Paco Perez,Calle Pez 32,956189554
97,Paco Perez,Calle Pez 32,956189554
98,Paco Perez,Calle Pez 32,956189554
99,Paco Perez,Calle Pez 32,956189554
100,Paco Perez,Calle Pez 32,956189554
101,Paco Perez,Calle Pez 32,956189554
102,Paco Perez,Calle Pez 32,956189554
103,Paco Perez,Calle Pez 32,956189554
104,Paco Perez,Calle Pez 32,956189554
105,Paco Perez,Calle Pez 32,956189554
106,Paco Perez,Calle Pez 32,956189554
107,Paco Perez,Calle Pez 32,956189554
108,Paco Perez,Calle Pez 32,956189554
109,Paco Perez,Calle Pez 32,956189554
110,Paco Perez,Calle Pez 32,956189554
111,Paco Perez,Calle Pez 32,956189554
112,Paco Perez,Calle Pez 32,956189554
113,Paco Perez,Calle Pez 32,956189554
114,Paco Perez,Calle Pez 32,956189554
115,Paco Perez,Calle Pez 32,956189554
116,Paco Perez,Calle Pez 32,956189554
117,Paco Perez,Calle Pez 32,956189554
118,Paco Perez,Calle Pez 32,956189554
119,Paco Perez,Calle Pez 32,956189554
120,Paco Perez,Calle Pez 32,956189554
121,Paco Perez,Calle Pez 32,956189554
122,Paco Perez,Calle Pez 32,956189554
123,Paco Perez,Calle Pez 32,956189554
124,Paco Perez,Calle Pez 32,956189554
125,Paco Perez,Calle Pez 32,956189554
126,Paco Perez,Calle Pez 32,956189554
127,Paco Perez,Calle Pez 32,956189554
128,Paco Perez,Calle Pez 32,956189554
129,Paco Perez,Calle Pez 32,956189554
130,Paco Perez,Calle Pez 32,956189554
131,Paco Perez,Calle Pez 32,956189554
132,Paco Perez,Calle Pez 32,956189554
133,Paco Perez,Calle Pez 32,956189554
134,Paco Perez,Calle Pez 32,956189554
135,Paco Perez,Calle Pez 32,956189554
136,Paco Perez,Calle Pez 32,956189554
137,Paco Perez,Calle Pez 32,956189554
138,Paco Perez,Calle Pez 32,956189554
139,Paco Perez,Calle Pez 32,956189554
140,Paco Perez,Calle Pez 32,956189554
141,Paco Perez,Calle Pez 32,956189554
142,Paco Perez,Calle Pez 32,956189554
143,Paco Perez,Calle Pez 32,956189554
144,Paco Perez,Calle Pez 32,956189554
145,Paco Perez,Calle Pez 32,956189554
146,Paco Perez,Calle Pez 32,956189554
147,Paco Perez,Calle Pez 32,956189554
148,Paco Perez,Calle Pez 32,956189554
149,Paco Perez,Calle Pez 32,956189554
150,Paco Perez,Calle Pez 32,956189554
151,Paco Perez,Calle Pez 32,956189554
152,Paco Perez,Calle Pez 32,956189554
153,Paco Perez,Calle Pez 32,956189554
154,Paco Perez,Calle Pez 32,956189554
155,Paco Perez,Calle Pez 32,956189554
156,Paco Perez,Calle Pez 32,956189554
157,Paco Perez,Calle Pez 32,956189554
158,Paco Perez,Calle Pez 32,956189554
159,Paco Perez,Calle Pez 32,956189554
160,Paco Perez,Calle Pez 32,956189554
161,Paco Perez,Calle Pez 32,956189554
162,Paco Perez,Calle Pez 32,956189554
163,Paco Perez,Calle Pez 32,956189554
164,Paco Perez,Calle Pez 32,956189554
165,Paco Perez,Calle Pez 32,956189554
166,Paco Perez,Calle Pez 32,956189554
167,Paco Perez,Calle Pez 32,956189554
168,Paco Perez,Calle Pez 32,956189554
169,Paco Perez,Calle Pez 32,956189554
170,Paco Perez,Calle Pez 32,956189554
171,Paco Perez,Calle Pez 32,956189554
172,Paco Perez,Calle Pez 32,956189554
173,Paco Perez,Calle Pez 32,956189554
174,Paco Perez,Calle Pez 32,956189554
175,Paco Perez,Calle Pez 32,956189554
176,Paco Perez,Calle Pez 32,956189554
177,Paco Perez,Calle Pez 32,956189554
178,Paco Perez,Calle Pez 32,956189554
179,Paco Perez,Calle Pez 32,956189554
180,Paco Perez,Calle Pez 32,956189554
181,Paco Perez,Calle Pez 32,956189554
182,Paco Perez,Calle Pez 32,956189554
183,Paco Perez,Calle Pez 32,956189554
184,Paco Perez,Calle Pez 32,956189554
185,Paco Perez,Calle Pez 32,956189554
186,Paco Perez,Calle Pez 32,956189554
187,Paco Perez,Calle Pez 32,956189554
188,Paco Perez,Calle Pez 32,956189554
189,Paco Perez,Calle Pez 32,956189554
190,Paco Perez,Calle Pez 32,956189554
191,Paco Perez,Calle Pez 32,956189554
192,Paco Perez,Calle Pez 32,956189554
193,Paco Perez,Calle Pez 32,956189554
194,Paco Perez,Calle Pez 32,956189554
195,Paco Perez,Calle Pez 32,956189554
196,Paco Perez,Calle Pez 32,956189554
197,Paco Perez,Calle Pez 32,956189554
198,Paco Perez,Calle Pez 32,956189554
199,Paco Perez,Calle Pez 32,956189554
200,Paco Perez,Calle Pez 32,956189554
201,Paco Perez,Calle Pez 32,956189554
202,Paco Perez,Calle Pez 32,956189554
203,Paco Perez,Calle Pez 32,956189554
204,Paco Perez,Calle Pez 32,956189554
205,Paco Perez,Calle Pez 32,956189554
206,Paco Perez,Calle Pez 32,956189554
207,Paco Perez,Calle Pez 32,956189554
208,Paco Perez,Calle Pez 32,956189554
209,Paco Perez,Calle Pez 32,956189554
210,Paco Perez,Calle Pez 32,956189554
211,Paco Perez,Calle Pez 32,956189554
212,Paco Perez,Calle Pez 32,956189554
213,Paco Perez,Calle Pez 32,956189554
214,Paco Perez,Calle Pez 32,956189554
215,Paco Perez,Calle Pez 32,956189554
216,Paco Perez,Calle Pez 32,956189554
217,Paco Perez,Calle Pez 32,956189554
218,Paco Perez,Calle Pez 32,956189554
219,Paco Perez,Calle Pez 32,956189554
220,Paco Perez,Calle Pez 32,956189554
221,Paco Perez,Calle Pez 32,956189554
222,Paco Perez,Calle Pez 32,956189554
223,Paco Perez,Calle Pez 32,956189554
224,Paco Perez,Calle Pez 32,956189554
225,Paco Perez,Calle Pez 32,956189554
226,Paco Perez,Calle Pez 32,956189554
227,Paco Perez,Calle Pez 32,956189554
228,Paco Perez,Calle Pez 32,956189554
229,Paco Perez,Calle Pez 32,956189554
230,Paco Perez,Calle Pez 32,956189554
231,Paco Perez,Calle Pez 32,956189554
232,Paco Perez,Calle Pez 32,956189554
233,Paco Perez,Calle Pez 32,956189554
234,Paco Perez,Calle Pez 32,956189554
235,Paco Perez,Calle Pez 32,956189554
236,Paco Perez,Calle Pez 32,956189554
237,Paco Perez,Calle Pez 32,956189554
238,Paco Perez,Calle Pez 32,956189554
239,Paco Perez,Calle Pez 32,956189554
240,Paco Perez,Calle Pez 32,956189554
241,Paco Perez,Calle Pez 32,956189554
242,Paco Perez,Calle Pez 32,956189554
243,Paco Perez,Calle Pez 32,956189554
244,Paco Perez,Calle Pez 32,956189554
245,Paco Perez,Calle Pez 32,956189554
246,Paco Perez,Calle Pez 32,956189554
247,Paco Perez,Calle Pez 32,956189554
248,Paco Perez,Calle Pez 32,956189554
249,Paco Perez,Calle Pez 32,956189554
250,Paco Perez,Calle Pez 32,956189554
251,Paco Perez,Calle Pez 32,956189554
252,Paco Perez,Calle Pez 32,956189554
253,Paco Perez,Calle Pez 32,956189554
254,Paco Perez,Calle Pez 32,956189554
255,Paco Perez,Calle Pez 32,956189554
256,Paco Perez,Calle Pez 32,956189554
257,Paco Perez,Calle Pez 32,956189554
258,Paco Perez,Calle Pez 32,956189554
259,Paco Perez,Calle Pez 32,956189554
260,Paco Perez,Calle Pez 32,956189554
261,Paco Perez,Calle Pez 32,956189554
262,Paco Perez,Calle Pez 32,956189554
263,Paco Perez,Calle Pez 32,956189554
264,Paco Perez,Calle Pez 32,956189554
265,Paco Perez,Calle Pez 32,956189554
266,Paco Perez,Calle Pez 32,956189554
267,Paco Perez,Calle Pez 32,956189554
268,Paco Perez,Calle Pez 32,956189554
269,Paco Perez,Calle Pez 32,956189554
270,Paco Perez,Calle Pez 32,956189554
271,Paco Perez,Calle Pez 32,956189554
272,Paco Perez,Calle Pez 32,956189554
273,Paco Perez,Calle Pez 32,956189554
274,Paco Perez,Calle Pez 32,956189554
275,Paco Perez,Calle Pez 32,956189554
276,Paco Perez,Calle Pez 32,956189554
277,Paco Perez,Calle Pez 32,956189554
278,Paco Perez,Calle Pez 32,956189554
279,Paco Perez,Calle Pez 32,956189554
280,Paco Perez,Calle Pez 32,956189554
281,Paco Perez,Calle Pez 32,956189554
282,Paco Perez,Calle Pez 32,956189554
283,Paco Perez,Calle Pez 32,956189554
284,Paco Perez,Calle Pez 32,956189554
285,Paco Perez,Calle Pez 32,956189554
286,Paco Perez,Calle Pez 32,956189554
287,Paco Perez,Calle Pez 32,956189554
288,Paco Perez,Calle Pez 32,956189554
289,Paco Perez,Calle Pez 32,956189554
290,Paco Perez,Calle Pez 32,956189554
291,Paco Perez,Calle Pez 32,956189554
292,Paco Perez,Calle Pez 32,956189554
293,Paco Perez,Calle Pez 32,956189554
294,Paco Perez,Calle Pez 32,956189554
295,Paco Perez,Calle Pez 32,956189554
296,Paco Perez,Calle Pez 32,956189554
297,Paco Perez,Calle Pez 32,956189554
298,Paco Perez,Calle Pez 32,956189554
299,Paco Perez,Calle Pez 32,956189554
300,Paco Perez,Calle Pez 32,956189554
301,Paco Perez,Calle Pez 32,956189554
302,Paco Perez,Calle Pez 32,956189554
303,Paco Perez,Calle Pez 32,956189554
304,Paco Perez,Calle Pez 32,956189554
305,Paco Perez,Calle Pez 32,956189554
306,Paco Perez,Calle Pez 32,956189554
307,Paco Perez,Calle Pez 32,956189554
308,Paco Perez,Calle Pez 32,956189554
309,Paco Perez,Calle Pez 32,956189554
310,Paco Perez,Calle Pez 32,956189554
311,Paco Perez,Calle Pez 32,956189554
312,Paco Perez,Calle Pez 32,956189554
313,Paco Perez,Calle Pez 32,956189554
314,Paco Perez,Calle Pez 32,956189554
315,Paco Perez,Calle Pez 32,956189554
316,Paco Perez,Calle Pez 32,956189554
317,Paco Perez,Calle Pez 32,956189554
318,Paco Perez,Calle Pez 32,956189554
319,Paco Perez,Calle Pez 32,956189554
320,Paco Perez,Calle Pez 32,956189554
321,Paco Perez,Calle Pez 32,956189554
322,Paco Perez,Calle Pez 32,956189554
323,Paco Perez,Calle Pez 32,956189554
324,Paco Perez,Calle Pez 32,956189554
325,Paco Perez,Calle Pez 32,956189554
326,Paco Perez,Calle Pez 32,956189554
327,Paco Perez,Calle Pez 32,956189554
328,Paco Perez,Calle Pez 32,956189554
329,Paco Perez,Calle Pez 32,956189554
330,Paco Perez,Calle Pez 32,956189554
331,Paco Perez,Calle Pez 32,956189554
332,Paco Perez,Calle Pez 32,956189554
333,Paco Perez,Calle Pez 32,956189554
334,Paco Perez,Calle Pez 32,956189554
335,Paco Perez,Calle Pez 32,956189554
336,Paco Perez,Calle Pez 32,956189554
337,Paco Perez,Calle Pez 32,956189554
338,Paco Perez,Calle Pez 32,956189554
339,Paco Perez,Calle Pez 32,956189554
340,Paco Perez,Calle Pez 32,956189554
341,Paco Perez,Calle Pez 32,956189554
342,Paco Perez,Calle Pez 32,956189554
343,Paco Perez,Calle Pez 32,956189554
344,Paco Perez,Calle Pez 32,956189554
345,Paco Perez,Calle Pez 32,956189554
346,Paco Perez,Calle Pez 32,956189554
347,Paco Perez,Calle Pez 32,956189554
348,Paco Perez,Calle Pez 32,956189554
349,Paco Perez,Calle Pez 32,956189554
350,Paco Perez,Calle Pez 32,956189554
351,Paco Perez,Calle Pez 32,956189554
352,Paco Perez,Calle Pez 32,956189554
353,Paco Perez,Calle Pez 32,956189554
354,Paco Perez,Calle Pez 32,956189554
355,Paco Perez,Calle Pez 32,956189554
356,Paco Perez,Calle Pez 32,956189554
357,Paco Perez,Calle Pez 32,956189554
358,Paco Perez,Calle Pez 32,956189554
359,Paco Perez,Calle Pez 32,956189554
360,Paco Perez,Calle Pez 32,956189554
361,Paco Perez,Calle Pez 32,956189554
362,Paco Perez,Calle Pez 32,956189554
363,Paco Perez,Calle Pez 32,956189554
364,Paco Perez,Calle Pez 32,956189554
365,Paco Perez,Calle Pez 32,956189554
366,Paco Perez,Calle Pez 32,956189554
367,Paco Perez,Calle Pez 32,956189554
368,Paco Perez,Calle Pez 32,956189554
369,Paco Perez,Calle Pez 32,956189554
370,Paco Perez,Calle Pez 32,956189554
371,Paco Perez,Calle Pez 32,956189554
372,Paco Perez,Calle Pez 32,956189554
373,Paco Perez,Calle Pez 32,956189554
374,Paco Perez,Calle Pez 32,956189554
375,Paco Perez,Calle Pez 32,956189554
376,Paco Perez,Calle Pez 32,956189554
377,Paco Perez,Calle Pez 32,956189554
378,Paco Perez,Calle Pez 32,956189554
379,Paco Perez,Calle Pez 32,956189554
380,Paco Perez,Calle Pez 32,956189554
381,Paco Perez,Calle Pez 32,956189554
382,Paco Perez,Calle Pez 32,956189554
383,Paco Perez,Calle Pez 32,956189554
384,Paco Perez,Calle Pez 32,956189554
385,Paco Perez,Calle Pez 32,956189554
386,Paco Perez,Calle Pez 32,956189554
387,Paco Perez,Calle Pez 32,956189554
388,Paco Perez,Calle Pez 32,956189554
389,Paco Perez,Calle Pez 32,956189554
390,Paco Perez,Calle Pez 32,956189554
391,Paco Perez,Calle Pez 32,956189554
392,Paco Perez,Calle Pez 32,956189554
393,Paco Perez,Calle Pez 32,956189554
394,Paco Perez,Calle Pez 32,956189554
395,Paco Perez,Calle Pez 32,956189554
396,Paco Perez,Calle Pez 32,956189554
397,Paco Perez,Calle Pez 32,956189554
398,Paco Perez,Calle Pez 32,956189554
399,Paco Perez,Calle Pez 32,956189554
400,Paco Perez,Calle Pez 32,956189554
401,Paco Perez,Calle Pez 32,956189554
402,Paco Perez,Calle Pez 32,956189554
403,Paco Perez,Calle Pez 32,956189554
404,Paco Perez,Calle Pez 32,956189554
405,Paco Perez,Calle Pez 32,956189554
406,Paco Perez,Calle Pez 32,956189554
407,Paco Perez,Calle Pez 32,956189554
408,Paco Perez,Calle Pez 32,956189554
409,Paco Perez,Calle Pez 32,956189554
410,Paco Perez,Calle Pez 32,956189554
411,Paco Perez,Calle Pez 32,956189554
412,Paco Perez,Calle Pez 32,956189554
413,Paco Perez,Calle Pez 32,956189554
414,Paco Perez,Calle Pez 32,956189554
415,Paco Perez,Calle Pez 32,956189554
416,Paco Perez,Calle Pez 32,956189554
417,Paco Perez,Calle Pez 32,956189554
418,Paco Perez,Calle Pez 32,956189554
419,Paco Perez,Calle Pez 32,956189554
420,Paco Perez,Calle Pez 32,956189554
421,Paco Perez,Calle Pez 32,956189554
422,Paco Perez,Calle Pez 32,956189554
423,Paco Perez,Calle Pez 32,956189554
424,Paco Perez,Calle Pez 32,956189554
425,Paco Perez,Calle Pez 32,956189554
426,Paco Perez,Calle Pez 32,956189554
427,Paco Perez,Calle Pez 32,956189554
428,Paco Perez,Calle Pez 32,956189554
429,Paco Perez,Calle Pez 32,956189554
430,Paco Perez,Calle Pez 32,956189554
431,Paco Perez,Calle Pez 32,956189554
432,Paco Perez,Calle Pez 32,956189554
433,Paco Perez,Calle Pez 32,956189554
434,Paco Perez,Calle Pez 32,956189554
435,Paco Perez,Calle Pez 32,956189554
436,Paco Perez,Calle Pez 32,956189554
437,Paco Perez,Calle Pez 32,956189554
438,Paco Perez,Calle Pez 32,956189554
439,Paco Perez,Calle Pez 32,956189554
440,Paco Perez,Calle Pez 32,956189554
441,Paco Perez,Calle Pez 32,956189554
442,Paco Perez,Calle Pez 32,956189554
443,Paco Perez,Calle Pez 32,956189554
444,Paco Perez,Calle Pez 32,956189554
445,Paco Perez,Calle Pez 32,956189554
446,Paco Perez,Calle Pez 32,956189554
447,Paco Perez,Calle Pez 32,956189554
448,Paco Perez,Calle Pez 32,956189554
449,Paco Perez,Calle Pez 32,956189554
450,Paco Perez,Calle Pez 32,956189554
451,Paco Perez,Calle Pez 32,956189554
452,Paco Perez,Calle Pez 32,956189554
453,Paco Perez,Calle Pez 32,956189554
454,Paco Perez,Calle Pez 32,956189554
455,Paco Perez,Calle Pez 32,956189554
456,Paco Perez,Calle Pez 32,956189554
457,Paco Perez,Calle Pez 32,956189554
458,Paco Perez,Calle Pez 32,956189554
459,Paco Perez,Calle Pez 32,956189554
460,Paco Perez,Calle Pez 32,956189554
461,Paco Perez,Calle Pez 32,956189554
462,Paco Perez,Calle Pez 32,956189554
463,Paco Perez,Calle Pez 32,956189554
464,Paco Perez,Calle Pez 32,956189554
465,Paco Perez,Calle Pez 32,956189554
466,Paco Perez,Calle Pez 32,956189554
467,Paco Perez,Calle Pez 32,956189554
468,Paco Perez,Calle Pez 32,956189554
469,Paco Perez,Calle Pez 32,956189554
470,Paco Perez,Calle Pez 32,956189554
471,Paco Perez,Calle Pez 32,956189554
472,Paco Perez,Calle Pez 32,956189554
473,Paco Perez,Calle Pez 32,956189554
474,Paco Perez,Calle Pez 32,956189554
475,Paco Perez,Calle Pez 32,956189554
476,Paco Perez,Calle Pez 32,956189554
477,Paco Perez,Calle Pez 32,956189554
478,Paco Perez,Calle Pez 32,956189554
479,Paco Perez,Calle Pez 32,956189554
480,Paco Perez,Calle Pez 32,956189554
481,Paco Perez,Calle Pez 32,956189554
482,Paco Perez,Calle Pez 32,956189554
483,Paco Perez,Calle Pez 32,956189554
484,Paco Perez,Calle Pez 32,956189554
485,Paco Perez,Calle Pez 32,956189554
486,Paco Perez,Calle Pez 32,956189554
487,Paco Perez,Calle Pez 32,956189554
488,Paco Perez,Calle Pez 32,956189554
489,Paco Perez,Calle Pez 32,956189554
490,Paco Perez,Calle Pez 32,956189554
491,Paco Perez,Calle Pez 32,956189554
492,Paco Perez,Calle Pez 32,956189554
493,Paco Perez,Calle Pez 32,956189554
494,Paco Perez,Calle Pez 32,956189554
495,Paco Perez,Calle Pez 32,956189554
496,Paco Perez,Calle Pez 32,956189554
497,Paco Perez,Calle Pez 32,956189554
498,Paco Perez,Calle Pez 32,956189554
499,Paco Perez,Calle Pez 32,956189554
500,Paco Perez,Calle Pez 32,956189554
501,Paco Perez,Calle Pez 32,956189554
502,Paco Perez,Calle Pez 32,956189554
503,Paco Perez,Calle Pez 32,956189554
504,Paco Perez,Calle Pez 32,956189554
505,Paco Perez,Calle Pez 32,956189554
506,Paco Perez,Calle Pez 32,956189554
507,Paco Perez,Calle Pez 32,956189554
508,Paco Perez,Calle Pez 32,956189554
509,Paco Perez,Calle Pez 32,956189554
510,Paco Perez,Calle Pez 32,956189554
511,Paco Perez,Calle Pez 32,956189554
512,Paco Perez,Calle Pez 32,956189554
513,Paco Perez,Calle Pez 32,956189554
514,Paco Perez,Calle Pez 32,956189554
515,Paco Perez,Calle Pez 32,956189554
516,Paco Perez,Calle Pez 32,956189554
517,Paco Perez,Calle Pez 32,956189554
518,Paco Perez,Calle Pez 32,956189554
519,Paco Perez,Calle Pez 32,956189554
520,Paco Perez,Calle Pez 32,956189554
521,Paco Perez,Calle Pez 32,956189554
522,Paco Perez,Calle Pez 32,956189554
523,Paco Perez,Calle Pez 32,956189554
524,Paco Perez,Calle Pez 32,956189554
525,Paco Perez,Calle Pez 32,956189554
526,Paco Perez,Calle Pez 32,956189554
527,Paco Perez,Calle Pez 32,956189554
528,Paco Perez,Calle Pez 32,956189554
529,Paco Perez,Calle Pez 32,956189554
530,Paco Perez,Calle Pez 32,956189554
531,Paco Perez,Calle Pez 32,956189554
532,Paco Perez,Calle Pez 32,956189554
533,Paco Perez,Calle Pez 32,956189554
534,Paco Perez,Calle Pez 32,956189554
535,Paco Perez,Calle Pez 32,956189554
536,Paco Perez,Calle Pez 32,956189554
537,Paco Perez,Calle Pez 32,956189554
538,Paco Perez,Calle Pez 32,956189554
539,Paco Perez,Calle Pez 32,956189554
540,Paco Perez,Calle Pez 32,956189554
541,Paco Perez,Calle Pez 32,956189554
542,Paco Perez,Calle Pez 32,956189554
543,Paco Perez,Calle Pez 32,956189554
544,Paco Perez,Calle Pez 32,956189554
545,Paco Perez,Calle Pez 32,956189554
546,Paco Perez,Calle Pez 32,956189554
547,Paco Perez,Calle Pez 32,956189554
548,Paco Perez,Calle Pez 32,956189554
549,Paco Perez,Calle Pez 32,956189554
550,Paco Perez,Calle Pez 32,956189554
551,Paco Perez,Calle Pez 32,956189554
552,Paco Perez,Calle Pez 32,956189554
553,Paco Perez,Calle Pez 32,956189554
554,Paco Perez,Calle Pez 32,956189554
555,Paco Perez,Calle Pez 32,956189554
556,Paco Perez,Calle Pez 32,956189554
557,Paco Perez,Calle Pez 32,956189554
558,Paco Perez,Calle Pez 32,956189554
559,Paco Perez,Calle Pez 32,956189554
560,Paco Perez,Calle Pez 32,956189554
561,Paco Perez,Calle Pez 32,956189554
562,Paco Perez,Calle Pez 32,956189554
563,Paco Perez,Calle Pez 32,956189554
564,Paco Perez,Calle Pez 32,956189554
565,Paco Perez,Calle Pez 32,956189554
566,Paco Perez,Calle Pez 32,956189554
567,Paco Perez,Calle Pez 32,956189554
568,Paco Perez,Calle Pez 32,956189554
569,Paco Perez,Calle Pez 32,956189554
570,Paco Perez,Calle Pez 32,956189554
571,Paco Perez,Calle Pez 32,956189554
572,Paco Perez,Calle Pez 32,956189554
573,Paco Perez,Calle Pez 32,956189554
574,Paco Perez,Calle Pez 32,956189554
575,Paco Perez,Calle Pez 32,956189554
576,Paco Perez,Calle Pez 32,956189554
577,Paco Perez,Calle Pez 32,956189554
578,Paco Perez,Calle Pez 32,956189554
579,Paco Perez,Calle Pez 32,956189554
580,Paco Perez,Calle Pez 32,956189554
581,Paco Perez,Calle Pez 32,956189554
582,Paco Perez,Calle Pez 32,956189554
583,Paco Perez,Calle Pez 32,956189554
584,Paco Perez,Calle Pez 32,956189554
585,Paco Perez,Calle Pez 32,956189554
586,Paco Perez,Calle Pez 32,956189554
587,Paco Perez,Calle Pez 32,956189554
588,Paco Perez,Calle Pez 32,956189554
589,Paco Perez,Calle Pez 32,956189554
590,Paco Perez,Calle Pez 32,956189554
591,Paco Perez,Calle Pez 32,956189554
592,Paco Perez,Calle Pez 32,956189554
593,Paco Perez,Calle Pez 32,956189554
594,Paco Perez,Calle Pez 32,956189554
595,Paco Perez,Calle Pez 32,956189554
596,Paco Perez,Calle Pez 32,956189554
597,Paco Perez,Calle Pez 32,956189554
598,Paco Perez,Calle Pez 32,956189554
599,Paco Perez,Calle Pez 32,956189554
600,Paco Perez,Calle Pez 32,956189554
601,Paco Perez,Calle Pez 32,956189554
602,Paco Perez,Calle Pez 32,956189554
603,Paco Perez,Calle Pez 32,956189554
604,Paco Perez,Calle Pez 32,956189554
605,Paco Perez,Calle Pez 32,956189554
606,Paco Perez,Calle Pez 32,956189554
607,Paco Perez,Calle Pez 32,956189554
608,Paco Perez,Calle Pez 32,956189554
609,Paco Perez,Calle Pez 32,956189554
610,Paco Perez,Calle Pez 32,956189554
611,Paco Perez,Calle Pez 32,956189554
612,Paco Perez,Calle Pez 32,956189554
613,Paco Perez,Calle Pez 32,956189554
614,Paco Perez,Calle Pez 32,956189554
615,Paco Perez,Calle Pez 32,956189554
616,Paco Perez,Calle Pez 32,956189554
617,Paco Perez,Calle Pez 32,956189554
618,Paco Perez,Calle Pez 32,956189554
619,Paco Perez,Calle Pez 32,956189554
620,Paco Perez,Calle Pez 32,956189554
621,Paco Perez,Calle Pez 32,956189554
622,Paco Perez,Calle Pez 32,956189554
623,Paco Perez,Calle Pez 32,956189554
624,Paco Perez,Calle Pez 32,956189554
625,Paco Perez,Calle Pez 32,956189554
626,Paco Perez,Calle Pez 32,956189554
627,Paco Perez,Calle Pez 32,956189554
628,Paco Perez,Calle Pez 32,956189554
629,Paco Perez,Calle Pez 32,956189554
630,Paco Perez,Calle Pez 32,956189554
631,Paco Perez,Calle Pez 32,956189554
632,Paco Perez,Calle Pez 32,956189554
633,Paco Perez,Calle Pez 32,956189554
634,Paco Perez,Calle Pez 32,956189554
635,Paco Perez,Calle Pez 32,956189554
636,Paco Perez,Calle Pez 32,956189554
637,Paco Perez,Calle Pez 32,956189554
638,Paco Perez,Calle Pez 32,956189554
639,Paco Perez,Calle Pez 32,956189554
640,Paco Perez,Calle Pez 32,956189554
641,Paco Perez,Calle Pez 32,956189554
642,Paco Perez,Calle Pez 32,956189554
643,Paco Perez,Calle Pez 32,956189554
644,Paco Perez,Calle Pez 32,956189554
645,Paco Perez,Calle Pez 32,956189554
646,Paco Perez,Calle Pez 32,956189554
647,Paco Perez,Calle Pez 32,956189554
648,Paco Perez,Calle Pez 32,956189554
649,Paco Perez,Calle Pez 32,956189554
650,Paco Perez,Calle Pez 32,956189554
651,Paco Perez,Calle Pez 32,956189554
652,Paco Perez,Calle Pez 32,956189554
653,Paco Perez,Calle Pez 32,956189554
654,Paco Perez,Calle Pez 32,956189554
655,Paco Perez,Calle Pez 32,956189554
656,Paco Perez,Calle Pez 32,956189554
657,Paco Perez,Calle Pez 32,956189554
658,Paco Perez,Calle Pez 32,956189554
659,Paco Perez,Calle Pez 32,956189554
660,Paco Perez,Calle Pez 32,956189554
661,Paco Perez,Calle Pez 32,956189554
662,Paco Perez,Calle Pez 32,956189554
663,Paco Perez,Calle Pez 32,956189554
664,Paco Perez,Calle Pez 32,956189554
665,Paco Perez,Calle Pez 32,956189554
666,Paco Perez,Calle Pez 32,956189554
667,Paco Perez,Calle Pez 32,956189554
668,Paco Perez,Calle Pez 32,956189554
669,Paco Perez,Calle Pez 32,956189554
670,Paco Perez,Calle Pez 32,956189554
671,Paco Perez,Calle Pez 32,956189554
672,Paco Perez,Calle Pez 32,956189554
673,Paco Perez,Calle Pez 32,956189554
674,Paco Perez,Calle Pez 32,956189554
675,Paco Perez,Calle Pez 32,956189554
676,Paco Perez,Calle Pez 32,956189554
677,Paco Perez,Calle Pez 32,956189554
678,Paco Perez,Calle Pez 32,956189554
679,Paco Perez,Calle Pez 32,956189554
680,Paco Perez,Calle Pez 32,956189554
681,Paco Perez,Calle Pez 32,956189554
682,Paco Perez,Calle Pez 32,956189554
683,Paco Perez,Calle Pez 32,956189554
684,Paco Perez,Calle Pez 32,956189554
685,Paco Perez,Calle Pez 32,956189554
686,Paco Perez,Calle Pez 32,956189554
687,Paco Perez,Calle Pez 32,956189554
688,Paco Perez,Calle Pez 32,956189554
689,Paco Perez,Calle Pez 32,956189554
690,Paco Perez,Calle Pez 32,956189554
691,Paco Perez,Calle Pez 32,956189554
692,Paco Perez,Calle Pez 32,956189554
693,Paco Perez,Calle Pez 32,956189554
694,Paco Perez,Calle Pez 32,956189554
695,Paco Perez,Calle Pez 32,956189554
696,Paco Perez,Calle Pez 32,956189554
697,Paco Perez,Calle Pez 32,956189554
698,Paco Perez,Calle Pez 32,956189554
699,Paco Perez,Calle Pez 32,956189554
700,Paco Perez,Calle Pez 32,956189554
701,Paco Perez,Calle Pez 32,956189554
702,Paco Perez,Calle Pez 32,956189554
703,Paco Perez,Calle Pez 32,956189554
704,Paco Perez,Calle Pez 32,956189554
705,Paco Perez,Calle Pez 32,956189554
706,Paco Perez,Calle Pez 32,956189554
707,Paco Perez,Calle Pez 32,956189554
708,Paco Perez,Calle Pez 32,956189554
709,Paco Perez,Calle Pez 32,956189554
710,Paco Perez,Calle Pez 32,956189554
711,Paco Perez,Calle Pez 32,956189554
712,Paco Perez,Calle Pez 32,956189554
713,Paco Perez,Calle Pez 32,956189554
714,Paco Perez,Calle Pez 32,956189554
715,Paco Perez,Calle Pez 32,956189554
716,Paco Perez,Calle Pez 32,956189554
717,Paco Perez,Calle Pez 32,956189554
718,Paco Perez,Calle Pez 32,956189554
719,Paco Perez,Calle Pez 32,956189554
720,Paco Perez,Calle Pez 32,956189554
721,Paco Perez,Calle Pez 32,956189554
722,Paco Perez,Calle Pez 32,956189554
723,Paco Perez,Calle Pez 32,956189554
724,Paco Perez,Calle Pez 32,956189554
725,Paco Perez,Calle Pez 32,956189554
726,Paco Perez,Calle Pez 32,956189554
727,Paco Perez,Calle Pez 32,956189554
728,Paco Perez,Calle Pez 32,956189554
729,Paco Perez,Calle Pez 32,956189554
730,Paco Perez,Calle Pez 32,956189554
731,Paco Perez,Calle Pez 32,956189554
732,Paco Perez,Calle Pez 32,956189554
733,Paco Perez,Calle Pez 32,956189554
734,Paco Perez,Calle Pez 32,956189554
735,Paco Perez,Calle Pez 32,956189554
736,Paco Perez,Calle Pez 32,956189554
737,Paco Perez,Calle Pez 32,956189554
738,Paco Perez,Calle Pez 32,956189554
739,Paco Perez,Calle Pez 32,956189554
740,Paco Perez,Calle Pez 32,956189554
741,Paco Perez,Calle Pez 32,956189554
742,Paco Perez,Calle Pez 32,956189554
743,Paco Perez,Calle Pez 32,956189554
744,Paco Perez,Calle Pez 32,956189554
745,Paco Perez,Calle Pez 32,956189554
746,Paco Perez,Calle Pez 32,956189554
747,Paco Perez,Calle Pez 32,956189554
748,Paco Perez,Calle Pez 32,956189554
749,Paco Perez,Calle Pez 32,956189554
750,Paco Perez,Calle Pez 32,956189554
751,Paco Perez,Calle Pez 32,956189554
752,Paco Perez,Calle Pez 32,956189554
753,Paco Perez,Calle Pez 32,956189554
754,Paco Perez,Calle Pez 32,956189554
755,Paco Perez,Calle Pez 32,956189554
756,Paco Perez,Calle Pez 32,956189554
757,Paco Perez,Calle Pez 32,956189554
758,Paco Perez,Calle Pez 32,956189554
759,Paco Perez,Calle Pez 32,956189554
760,Paco Perez,Calle Pez 32,956189554
761,Paco Perez,Calle Pez 32,956189554
762,Paco Perez,Calle Pez 32,956189554
763,Paco Perez,Calle Pez 32,956189554
764,Paco Perez,Calle Pez 32,956189554
765,Paco Perez,Calle Pez 32,956189554
766,Paco Perez,Calle Pez 32,956189554
767,Paco Perez,Calle Pez 32,956189554
768,Paco Perez,Calle Pez 32,956189554
769,Paco Perez,Calle Pez 32,956189554
770,Paco Perez,Calle Pez 32,956189554
771,Paco Perez,Calle Pez 32,956189554
772,Paco Perez,Calle Pez 32,956189554
773,Paco Perez,Calle Pez 32,956189554
774,Paco Perez,Calle Pez 32,956189554
775,Paco Perez,Calle Pez 32,956189554
776,Paco Perez,Calle Pez 32,956189554
777,Paco Perez,Calle Pez 32,956189554
778,Paco Perez,Calle Pez 32,956189554
779,Paco Perez,Calle Pez 32,956189554
780,Paco Perez,Calle Pez 32,956189554
781,Paco Perez,Calle Pez 32,956189554
782,Paco Perez,Calle Pez 32,956189554
783,Paco Perez,Calle Pez 32,956189554
784,Paco Perez,Calle Pez 32,956189554
785,Paco Perez,Calle Pez 32,956189554
786,Paco Perez,Calle Pez 32,956189554
787,Paco Perez,Calle Pez 32,956189554
788,Paco Perez,Calle Pez 32,956189554
789,Paco Perez,Calle Pez 32,956189554
790,Paco Perez,Calle Pez 32,956189554
791,Paco Perez,Calle Pez 32,956189554
792,Paco Perez,Calle Pez 32,956189554
793,Paco Perez,Calle Pez 32,956189554
794,Paco Perez,Calle Pez 32,956189554
795,Paco Perez,Calle Pez 32,956189554
796,Paco Perez,Calle Pez 32,956189554
797,Paco Perez,Calle Pez 32,956189554
798,Paco Perez,Calle Pez 32,956189554
799,Paco Perez,Calle Pez 32,956189554
800,Paco Perez,Calle Pez 32,956189554
801,Paco Perez,Calle Pez 32,956189554
802,Paco Perez,Calle Pez 32,956189554
803,Paco Perez,Calle Pez 32,956189554
804,Paco Perez,Calle Pez 32,956189554
805,Paco Perez,Calle Pez 32,956189554
806,Paco Perez,Calle Pez 32,956189554
807,Paco Perez,Calle Pez 32,956189554
808,Paco Perez,Calle Pez 32,956189554
809,Paco Perez,Calle Pez 32,956189554
810,Paco Perez,Calle Pez 32,956189554
811,Paco Perez,Calle Pez 32,956189554
812,Paco Perez,Calle Pez 32,956189554
813,Paco Perez,Calle Pez 32,956189554
814,Paco Perez,Calle Pez 32,956189554
815,Paco Perez,Calle Pez 32,956189554
816,Paco Perez,Calle Pez 32,956189554
817,Paco Perez,Calle Pez 32,956189554
818,Paco Perez,Calle Pez 32,956189554
819,Paco Perez,Calle Pez 32,956189554
820,Paco Perez,Calle Pez 32,956189554
821,Paco Perez,Calle Pez 32,956189554
822,Paco Perez,Calle Pez 32,956189554
823,Paco Perez,Calle Pez 32,956189554
824,Paco Perez,Calle Pez 32,956189554
825,Paco Perez,Calle Pez 32,956189554
826,Paco Perez,Calle Pez 32,956189554
827,Paco Perez,Calle Pez 32,956189554
828,Paco Perez,Calle Pez 32,956189554
829,Paco Perez,Calle Pez 32,956189554
830,Paco Perez,Calle Pez 32,956189554
831,Paco Perez,Calle Pez 32,956189554
832,Paco Perez,Calle Pez 32,956189554
833,Paco Perez,Calle Pez 32,956189554
834,Paco Perez,Calle Pez 32,956189554
835,Paco Perez,Calle Pez 32,956189554
836,Paco Perez,Calle Pez 32,956189554
837,Paco Perez,Calle Pez 32,956189554
838,Paco Perez,Calle Pez 32,956189554
839,Paco Perez,Calle Pez 32,956189554
840,Paco Perez,Calle Pez 32,956189554
841,Paco Perez,Calle Pez 32,956189554
842,Paco Perez,Calle Pez 32,956189554
843,Paco Perez,Calle Pez 32,956189554
844,Paco Perez,Calle Pez 32,956189554
845,Paco Perez,Calle Pez 32,956189554
846,Paco Perez,Calle Pez 32,956189554
847,Paco Perez,Calle Pez 32,956189554
848,Paco Perez,Calle Pez 32,956189554
849,Paco Perez,Calle Pez 32,956189554
850,Paco Perez,Calle Pez 32,956189554
851,Paco Perez,Calle Pez 32,956189554
852,Paco Perez,Calle Pez 32,956189554
853,Paco Perez,Calle Pez 32,956189554
854,Paco Perez,Calle Pez 32,956189554
855,Paco Perez,Calle Pez 32,956189554
856,Paco Perez,Calle Pez 32,956189554
857,Paco Perez,Calle Pez 32,956189554
858,Paco Perez,Calle Pez 32,956189554
859,Paco Perez,Calle Pez 32,956189554
860,Paco Perez,Calle Pez 32,956189554
861,Paco Perez,Calle Pez 32,956189554
862,Paco Perez,Calle Pez 32,956189554
863,Paco Perez,Calle Pez 32,956189554
864,Paco Perez,Calle Pez 32,956189554
865,Paco Perez,Calle Pez 32,956189554
866,Paco Perez,Calle Pez 32,956189554
867,Paco Perez,Calle Pez 32,956189554
868,Paco Perez,Calle Pez 32,956189554
869,Paco Perez,Calle Pez 32,956189554
870,Paco Perez,Calle Pez 32,956189554
871,Paco Perez,Calle Pez 32,956189554
872,Paco Perez,Calle Pez 32,956189554
873,Paco Perez,Calle Pez 32,956189554
874,Paco Perez,Calle Pez 32,956189554
875,Paco Perez,Calle Pez 32,956189554
876,Paco Perez,Calle Pez 32,956189554
877,Paco Perez,Calle Pez 32,956189554
878,Paco Perez,Calle Pez 32,956189554
879,Paco Perez,Calle Pez 32,956189554
880,Paco Perez,Calle Pez 32,956189554
881,Paco Perez,Calle Pez 32,956189554
882,Paco Perez,Calle Pez 32,956189554
883,Paco Perez,Calle Pez 32,956189554
884,Paco Perez,Calle Pez 32,956189554
885,Paco Perez,Calle Pez 32,956189554
886,Paco Perez,Calle Pez 32,956189554
887,Paco Perez,Calle Pez 32,956189554
888,Paco Perez,Calle Pez 32,956189554
889,Paco Perez,Calle Pez 32,956189554
890,Paco Perez,Calle Pez 32,956189554
891,Paco Perez,Calle Pez 32,956189554
892,Paco Perez,Calle Pez 32,956189554
893,Paco Perez,Calle Pez 32,956189554
894,Paco Perez,Calle Pez 32,956189554
895,Paco Perez,Calle Pez 32,956189554
896,Paco Perez,Calle Pez 32,956189554
897,Paco Perez,Calle Pez 32,956189554
898,Paco Perez,Calle Pez 32,956189554
899,Paco Perez,Calle Pez 32,956189554
900,Paco Perez,Calle Pez 32,956189554
901,Paco Perez,Calle Pez 32,956189554
902,Paco Perez,Calle Pez 32,956189554
903,Paco Perez,Calle Pez 32,956189554
904,Paco Perez,Calle Pez 32,956189554
905,Paco Perez,Calle Pez 32,956189554
906,Paco Perez,Calle Pez 32,956189554
907,Paco Perez,Calle Pez 32,956189554
908,Paco Perez,Calle Pez 32,956189554
909,Paco Perez,Calle Pez 32,956189554
910,Paco Perez,Calle Pez 32,956189554
911,Paco Perez,Calle Pez 32,956189554
912,Paco Perez,Calle Pez 32,956189554
913,Paco Perez,Calle Pez 32,956189554
914,Paco Perez,Calle Pez 32,956189554
915,Paco Perez,Calle Pez 32,956189554
916,Paco Perez,Calle Pez 32,956189554
917,Paco Perez,Calle Pez 32,956189554
918,Paco Perez,Calle Pez 32,956189554
919,Paco Perez,Calle Pez 32,956189554
920,Paco Perez,Calle Pez 32,956189554
921,Paco Perez,Calle Pez 32,956189554
922,Paco Perez,Calle Pez 32,956189554
923,Paco Perez,Calle Pez 32,956189554
924,Paco Perez,Calle Pez 32,956189554
925,Paco Perez,Calle Pez 32,956189554
926,Paco Perez,Calle Pez 32,956189554
927,Paco Perez,Calle Pez 32,956189554
928,Paco Perez,Calle Pez 32,956189554
929,Paco Perez,Calle Pez 32,956189554
930,Paco Perez,Calle Pez 32,956189554
931,Paco Perez,Calle Pez 32,956189554
932,Paco Perez,Calle Pez 32,956189554
933,Paco Perez,Calle Pez 32,956189554
934,Paco Perez,Calle Pez 32,956189554
935,Paco Perez,Calle Pez 32,956189554
936,Paco Perez,Calle Pez 32,956189554
937,Paco Perez,Calle Pez 32,956189554
938,Paco Perez,Calle Pez 32,956189554
939,Paco Perez,Calle Pez 32,956189554
940,Paco Perez,Calle Pez 32,956189554
941,Paco Perez,Calle Pez 32,956189554
942,Paco Perez,Calle Pez 32,956189554
943,Paco Perez,Calle Pez 32,956189554
944,Paco Perez,Calle Pez 32,956189554
945,Paco Perez,Calle Pez 32,956189554
946,Paco Perez,Calle Pez 32,956189554
947,Paco Perez,Calle Pez 32,956189554
948,Paco Perez,Calle Pez 32,956189554
949,Paco Perez,Calle Pez 32,956189554
950,Paco Perez,Calle Pez 32,956189554
951,Paco Perez,Calle Pez 32,956189554
952,Paco Perez,Calle Pez 32,956189554
953,Paco Perez,Calle Pez 32,956189554
954,Paco Perez,Calle Pez 32,956189554
955,Paco Perez,Calle Pez 32,956189554
956,Paco Perez,Calle Pez 32,956189554
957,Paco Perez,Calle Pez 32,956189554
958,Paco Perez,Calle Pez 32,956189554
959,Paco Perez,Calle Pez 32,956189554
960,Paco Perez,Calle Pez 32,956189554
961,Paco Perez,Calle Pez 32,956189554
962,Paco Perez,Calle Pez 32,956189554
963,Paco Perez,Calle Pez 32,956189554
964,Paco Perez,Calle Pez 32,956189554
965,Paco Perez,Calle Pez 32,956189554
966,Paco Perez,Calle Pez 32,956189554
967,Paco Perez,Calle Pez 32,956189554
968,Paco Perez,Calle Pez 32,956189554
969,Paco Perez,Calle Pez 32,956189554
970,Paco Perez,Calle Pez 32,956189554
971,Paco Perez,Calle Pez 32,956189554
972,Paco Perez,Calle Pez 32,956189554
973,Paco Perez,Calle Pez 32,956189554
974,Paco Perez,Calle Pez 32,956189554
975,Paco Perez,Calle Pez 32,956189554
976,Paco Perez,Calle Pez 32,956189554
977,Paco Perez,Calle Pez 32,956189554
978,Paco Perez,Calle Pez 32,956189554
979,Paco Perez,Calle Pez 32,956189554
980,Paco Perez,Calle Pez 32,956189554
981,Paco Perez,Calle Pez 32,956189554
982,Paco Perez,Calle Pez 32,956189554
983,Paco Perez,Calle Pez 32,956189554
984,Paco Perez,Calle Pez 32,956189554
985,Paco Perez,Calle Pez 32,956189554
986,Paco Perez,Calle Pez 32,956189554
987,Paco Perez,Calle Pez 32,956189554
988,Paco Perez,Calle Pez 32,956189554
989,Paco Perez,Calle Pez 32,956189554
990,Paco Perez,Calle Pez 32,956189554
991,Paco Perez,Calle Pez 32,956189554
992,Paco Perez,Calle Pez 32,956189554
993,Paco Perez,Calle Pez 32,956189554
994,Paco Perez,Calle Pez 32,956189554
995,Paco Perez,Calle Pez 32,956189554
996,Paco Perez,Calle Pez 32,956189554
997,Paco Perez,Calle Pez 32,956189554
998,Paco Perez,Calle Pez 32,956189554
999,Paco Perez,Calle Pez 32,956189554
1000,Paco Perez,Calle Pez 32,956189554
