title_id,title,description_,length_,replacement_cost,actors
1,ACADEMY DINOSAUR,A Epic Drama of a Feminist And a Mad Scientist who must Battle a Teacher in The Canadian Rockies,86,20.99,"PENELOPE GUINESS, CHRISTIAN GABLE, LUCILLE TRACY, SANDRA PECK"
2,ACE GOLDFINGER,A Astounding Epistle of a Database Administrator And a Explorer who must Find a Car in Ancient China,48,12.99,BOB FAWCETT
3,ADAPTATION HOLES,A Astounding Reflection of a Lumberjack And a Car who must Sink a Lumberjack in A Baloon Factory,50,18.99,"NICK WAHLBERG, BOB FAWCETT, CAMERON STREEP"
4,AFFAIR PREJUDICE,A Fanciful Documentary of a Frisbee And a Lumberjack who must Chase a Monkey in A Shark Tank,117,26.99,unknown actors
5,AFRICAN EGG,A Fast-Paced Documentary of a Pastry Chef And a Dentist who must Pursue a Forensic Psychologist in The Gulf of Mexico,130,22.99,unknown actors
6,AGENT TRUMAN,A Intrepid Panorama of a Robot And a Boy who must Escape a Sumo Wrestler in Ancient China,169,17.99,"KIRSTEN PALTROW, SANDRA KILMER"
7,AIRPLANE SIERRA,A Touching Saga of a Hunter And a Butler who must Discover a Butler in A Jet Boat,62,28.99,unknown actors
8,AIRPORT POLLOCK,A Epic Tale of a Moose And a Girl who must Confront a Monkey in Ancient India,54,15.99,unknown actors
9,ALABAMA DEVIL,A Thoughtful Panorama of a Database Administrator And a Mad Scientist who must Outgun a Mad Scientist in A Jet Boat,114,21.99,"CHRISTIAN GABLE, ELVIS MARX, RIP CRAWFORD"
10,ALADDIN CALENDAR,A Action-Packed Tale of a Man And a Lumberjack who must Reach a Feminist in Ancient China,63,24.99,"ALEC WAYNE, JUDY DEAN, VAL BOLGER"
11,ALAMO VIDEOTAPE,A Boring Epistle of a Butler And a Cat who must Fight a Pastry Chef in A MySQL Convention,126,16.99,unknown actors
12,ALASKA PHANTOM,A Fanciful Saga of a Hunter And a Pastry Chef who must Vanquish a Boy in Australia,136,22.99,VAL BOLGER
13,ALI FOREVER,A Action-Packed Drama of a Dentist And a Crocodile who must Battle a Feminist in The Canadian Rockies,150,21.99,unknown actors
14,ALICE FANTASIA,A Emotional Drama of a A Shark And a Database Administrator who must Vanquish a Pioneer in Soviet Georgia,94,23.99,WOODY HOFFMAN
15,ALIEN CENTER,A Brilliant Drama of a Cat And a Mad Scientist who must Battle a Feminist in A MySQL Convention,46,10.99,BURT DUKAKIS
16,ALLEY EVOLUTION,A Fast-Paced Drama of a Robot And a Composer who must Battle a Astronaut in New Orleans,180,23.99,KARL BERRY
17,ALONE TRIP,A Fast-Paced Character Study of a Composer And a Dog who must Outgun a Boat in An Abandoned Fun House,82,14.99,"ED CHASE, KARL BERRY, UMA WOOD"
18,ALTER VICTORY,A Thoughtful Drama of a Composer And a Feminist who must Meet a Secret Agent in The Canadian Rockies,57,27.99,unknown actors
19,AMADEUS HOLY,A Emotional Display of a Pioneer And a Technical Writer who must Battle a Man in A Baloon,113,20.99,"JOHNNY LOLLOBRIGIDA, JULIA MCQUEEN, VAL BOLGER"
20,AMELIE HELLFIGHTERS,A Boring Drama of a Woman And a Squirrel who must Conquer a Student in A Baloon,79,23.99,unknown actors
21,AMERICAN CIRCUS,A Insightful Drama of a Girl And a Astronaut who must Face a Database Administrator in A Shark Tank,129,17.99,"KEVIN BLOOM, RIP CRAWFORD"
22,AMISTAD MIDSUMMER,A Emotional Character Study of a Dentist And a Crocodile who must Meet a Sumo Wrestler in California,85,10.99,unknown actors
23,ANACONDA CONFESSIONS,A Lacklusture Display of a Dentist And a Dentist who must Fight a Girl in Australia,92,9.99,"PENELOPE GUINESS, JENNIFER DAVIS, ELVIS MARX"
24,ANALYZE HOOSIERS,A Thoughtful Display of a Explorer And a Pastry Chef who must Overcome a Feminist in The Sahara Desert,181,19.99,TOM MCKELLEN
25,ANGELS LIFE,A Thoughtful Display of a Woman And a Astronaut who must Battle a Robot in Berlin,74,15.99,"PENELOPE GUINESS, JENNIFER DAVIS, GRACE MOSTEL"
26,ANNIE IDENTITY,A Amazing Panorama of a Pastry Chef And a Boat who must Escape a Woman in An Abandoned Amusement Park,86,15.99,unknown actors
27,ANONYMOUS HUMAN,A Amazing Reflection of a Database Administrator And a Astronaut who must Outrace a Database Administrator in A Shark Tank,179,12.99,GRACE MOSTEL
28,ANTHEM LUKE,A Touching Panorama of a Waitress And a Woman who must Outrace a Dog in An Abandoned Amusement Park,91,16.99,unknown actors
29,ANTITRUST TOMATOES,A Fateful Yarn of a Womanizer And a Feminist who must Succumb a Database Administrator in Ancient India,168,11.99,"BETTE NICHOLSON, UMA WOOD"
30,ANYTHING SAVANNAH,A Epic Story of a Pastry Chef And a Woman who must Chase a Feminist in An Abandoned Fun House,82,27.99,JOE SWANK
31,APACHE DIVINE,A Awe-Inspiring Reflection of a Pastry Chef And a Teacher who must Overcome a Sumo Wrestler in A U-Boat,92,16.99,"NICK WAHLBERG, CUBA OLIVIER"
32,APOCALYPSE FLAMINGOS,A Astounding Story of a Dog And a Squirrel who must Defeat a Woman in An Abandoned Amusement Park,119,11.99,unknown actors
33,APOLLO TEEN,A Action-Packed Reflection of a Crocodile And a Explorer who must Find a Sumo Wrestler in An Abandoned Mine Shaft,153,15.99,unknown actors
34,ARABIA DOGMA,A Touching Epistle of a Madman And a Mad Cow who must Defeat a Student in Nigeria,62,29.99,"KARL BERRY, RIP CRAWFORD, JULIA MCQUEEN"
35,ARACHNOPHOBIA ROLLERCOASTER,A Action-Packed Reflection of a Pastry Chef And a Composer who must Discover a Mad Scientist in The First Manned Space Station,147,24.99,"GRACE MOSTEL, JUDY DEAN"
36,ARGONAUTS TOWN,A Emotional Epistle of a Forensic Psychologist And a Butler who must Challenge a Waitress in An Abandoned Mine Shaft,127,12.99,unknown actors
37,ARIZONA BANG,A Brilliant Panorama of a Mad Scientist And a Mad Cow who must Meet a Pioneer in A Monastery,121,28.99,KARL BERRY
38,ARK RIDGEMONT,A Beautiful Yarn of a Pioneer And a Monkey who must Pursue a Explorer in The Sahara Desert,68,25.99,unknown actors
39,ARMAGEDDON LOST,A Fast-Paced Tale of a Boat And a Teacher who must Succumb a Composer in An Abandoned Mine Shaft,99,10.99,unknown actors
40,ARMY FLINTSTONES,A Boring Saga of a Database Administrator And a Womanizer who must Battle a Waitress in Nigeria,148,22.99,ED CHASE
41,ARSENIC INDEPENDENCE,A Fanciful Documentary of a Mad Cow And a Womanizer who must Find a Dentist in Berlin,137,17.99,unknown actors
42,ARTIST COLDBLOODED,A Stunning Reflection of a Robot And a Moose who must Challenge a Woman in California,170,10.99,"ED CHASE, SANDRA KILMER"
43,ATLANTIS CAUSE,A Thrilling Yarn of a Feminist And a Hunter who must Fight a Technical Writer in A Shark Tank,170,15.99,"WOODY HOFFMAN, AUDREY OLIVIER"
44,ATTACKS HATE,A Fast-Paced Panorama of a Technical Writer And a Mad Scientist who must Find a Feminist in An Abandoned Mine Shaft,113,21.99,DAN TORN
45,ATTRACTION NEWTON,A Astounding Panorama of a Composer And a Frisbee who must Reach a Husband in Ancient Japan,83,14.99,UMA WOOD
46,AUTUMN CROW,A Beautiful Tale of a Dentist And a Mad Cow who must Battle a Moose in The Sahara Desert,108,13.99,unknown actors
47,BABY HALL,A Boring Character Study of a A Shark And a Girl who must Outrace a Feminist in An Abandoned Mine Shaft,153,23.99,"NICK WAHLBERG, MATTHEW JOHANSSON"
48,BACKLASH UNDEFEATED,A Stunning Character Study of a Mad Scientist And a Mad Cow who must Kill a Car in A Monastery,118,24.99,unknown actors
49,BADMAN DAWN,A Emotional Panorama of a Pioneer And a Composer who must Escape a Mad Scientist in A Jet Boat,162,22.99,unknown actors
50,BAKED CLEOPATRA,A Stunning Drama of a Forensic Psychologist And a Husband who must Overcome a Waitress in A Monastery,182,20.99,unknown actors
51,BALLOON HOMEWARD,A Insightful Panorama of a Forensic Psychologist And a Mad Cow who must Build a Mad Scientist in The First Manned Space Station,75,10.99,unknown actors
52,BALLROOM MOCKINGBIRD,A Thrilling Documentary of a Composer And a Monkey who must Find a Feminist in California,173,29.99,JUDY DEAN
53,BANG KWAI,A Epic Drama of a Madman And a Cat who must Face a A Shark in An Abandoned Amusement Park,87,25.99,"BETTE NICHOLSON, SANDRA PECK"
54,BANGER PINOCCHIO,A Awe-Inspiring Drama of a Car And a Pastry Chef who must Chase a Crocodile in The First Manned Space Station,113,15.99,"JOHNNY LOLLOBRIGIDA, LUCILLE TRACY"
55,BARBARELLA STREETCAR,A Awe-Inspiring Story of a Feminist And a Cat who must Conquer a Dog in A Monastery,65,27.99,unknown actors
56,BAREFOOT MANCHURIAN,A Intrepid Story of a Cat And a Student who must Vanquish a Girl in An Abandoned Amusement Park,129,15.99,"JENNIFER DAVIS, ELVIS MARX, MILLA PECK"
57,BASIC EASY,A Stunning Epistle of a Man And a Husband who must Reach a Mad Scientist in A Jet Boat,90,18.99,unknown actors
58,BEACH HEARTBREAKERS,A Fateful Display of a Womanizer And a Mad Scientist who must Outgun a A Shark in Soviet Georgia,122,16.99,WOODY HOFFMAN
59,BEAR GRACELAND,A Astounding Saga of a Dog And a Boy who must Kill a Teacher in The First Manned Space Station,160,20.99,unknown actors
60,BEAST HUNCHBACK,A Awe-Inspiring Epistle of a Student And a Squirrel who must Defeat a Boy in Ancient China,89,22.99,BETTE NICHOLSON
61,BEAUTY GREASE,A Fast-Paced Display of a Composer And a Moose who must Sink a Robot in An Abandoned Mine Shaft,175,28.99,unknown actors
62,BED HIGHBALL,A Astounding Panorama of a Lumberjack And a Dog who must Redeem a Woman in An Abandoned Fun House,106,23.99,JENNIFER DAVIS
63,BEDAZZLED MARRIED,A Astounding Character Study of a Madman And a Robot who must Meet a Mad Scientist in An Abandoned Fun House,73,21.99,LUCILLE TRACY
64,BEETHOVEN EXORCIST,A Epic Display of a Pioneer And a Student who must Challenge a Butler in The Gulf of Mexico,151,26.99,SANDRA PECK
65,BEHAVIOR RUNAWAY,A Unbelieveable Drama of a Student And a Husband who must Outrace a Sumo Wrestler in Berlin,100,20.99,TIM HACKMAN
66,BENEATH RUSH,A Astounding Panorama of a Man And a Monkey who must Discover a Man in The First Manned Space Station,53,27.99,unknown actors
67,BERETS AGENT,A Taut Saga of a Crocodile And a Boy who must Overcome a Technical Writer in Ancient China,77,24.99,GRACE MOSTEL
68,BETRAYED REAR,A Emotional Character Study of a Boat And a Pioneer who must Find a Explorer in A Shark Tank,122,26.99,unknown actors
69,BEVERLY OUTLAW,A Fanciful Documentary of a Womanizer And a Boat who must Defeat a Madman in The First Manned Space Station,85,21.99,SANDRA PECK
70,BIKINI BORROWERS,A Astounding Drama of a Astronaut And a Cat who must Discover a Woman in The First Manned Space Station,142,26.99,BETTE NICHOLSON
71,BILKO ANONYMOUS,A Emotional Reflection of a Teacher And a Man who must Meet a Cat in The First Manned Space Station,100,25.99,GOLDIE BRODY
72,BILL OTHERS,A Stunning Saga of a Mad Scientist And a Forensic Psychologist who must Challenge a Squirrel in A MySQL Convention,93,12.99,unknown actors
73,BINGO TALENTED,A Touching Tale of a Girl And a Crocodile who must Discover a Waitress in Nigeria,150,22.99,GOLDIE BRODY
74,BIRCH ANTITRUST,A Fanciful Panorama of a Husband And a Pioneer who must Outgun a Dog in A Baloon,162,18.99,"JOE SWANK, WOODY HOFFMAN"
75,BIRD INDEPENDENCE,A Thrilling Documentary of a Car And a Student who must Sink a Hunter in The Canadian Rockies,163,14.99,unknown actors
76,BIRDCAGE CASPER,A Fast-Paced Saga of a Frisbee And a Astronaut who must Overcome a Feminist in Ancient India,103,23.99,unknown actors
77,BIRDS PERDITION,A Boring Story of a Womanizer And a Pioneer who must Face a Dog in California,61,15.99,SANDRA PECK
78,BLACKOUT PRIVATE,A Intrepid Yarn of a Pastry Chef And a Mad Scientist who must Challenge a Secret Agent in Ancient Japan,85,12.99,SANDRA KILMER
79,BLADE POLISH,A Thoughtful Character Study of a Frisbee And a Pastry Chef who must Fight a Dentist in The First Manned Space Station,114,10.99,"JENNIFER DAVIS, ALEC WAYNE"
80,BLANKET BEVERLY,A Emotional Documentary of a Student And a Girl who must Build a Boat in Nigeria,148,21.99,FRED COSTNER
81,BLINDNESS GUN,A Touching Drama of a Robot And a Dentist who must Meet a Hunter in A Jet Boat,103,29.99,BURT DUKAKIS
82,BLOOD ARGONAUTS,A Boring Drama of a Explorer And a Man who must Kill a Lumberjack in A Manhattan Penthouse,71,13.99,unknown actors
83,BLUES INSTINCT,A Insightful Documentary of a Boat And a Composer who must Meet a Forensic Psychologist in An Abandoned Fun House,50,18.99,CAMERON STREEP
84,BOILED DARES,A Awe-Inspiring Story of a Waitress And a Dog who must Discover a Dentist in Ancient Japan,102,13.99,"DAN TORN, TIM HACKMAN"
85,BONNIE HOLOCAUST,A Fast-Paced Story of a Crocodile And a Robot who must Find a Moose in Ancient Japan,63,29.99,"JOHNNY LOLLOBRIGIDA, JULIA MCQUEEN"
86,BOOGIE AMELIE,A Lacklusture Character Study of a Husband And a Sumo Wrestler who must Succumb a Technical Writer in The Gulf of Mexico,121,11.99,KEVIN BLOOM
87,BOONDOCK BALLROOM,A Fateful Panorama of a Crocodile And a Boy who must Defeat a Monkey in The Gulf of Mexico,76,14.99,"ED CHASE, JENNIFER DAVIS, UMA WOOD, FRED COSTNER, KIRSTEN PALTROW, SANDRA PECK"
88,BORN SPINAL,A Touching Epistle of a Frisbee And a Husband who must Pursue a Student in Nigeria,179,17.99,"KIRSTEN PALTROW, SISSY SOBIESKI"
89,BORROWERS BEDAZZLED,A Brilliant Epistle of a Teacher And a Sumo Wrestler who must Defeat a Man in An Abandoned Fun House,63,22.99,"CUBA OLIVIER, ELVIS MARX"
90,BOULEVARD MOB,A Fateful Epistle of a Moose And a Monkey who must Confront a Lumberjack in Ancient China,63,11.99,"RIP CRAWFORD, AUDREY OLIVIER"
91,BOUND CHEAPER,A Thrilling Panorama of a Database Administrator And a Astronaut who must Challenge a Lumberjack in A Baloon,98,17.99,"KARL BERRY, CUBA OLIVIER"
92,BOWFINGER GABLES,A Fast-Paced Yarn of a Waitress And a Composer who must Outgun a Dentist in California,72,19.99,KARL BERRY
93,BRANNIGAN SUNRISE,A Amazing Epistle of a Moose And a Crocodile who must Outrace a Dog in Berlin,121,27.99,RIP CRAWFORD
94,BRAVEHEART HUMAN,A Insightful Story of a Dog And a Pastry Chef who must Battle a Girl in Berlin,176,14.99,unknown actors
95,BREAKFAST GOLDFINGER,A Beautiful Reflection of a Student And a Student who must Fight a Moose in Berlin,123,18.99,unknown actors
96,BREAKING HOME,A Beautiful Display of a Secret Agent And a Monkey who must Battle a Sumo Wrestler in An Abandoned Mine Shaft,169,21.99,"GRACE MOSTEL, HELEN VOIGHT, WOODY HOFFMAN"
97,BRIDE INTRIGUE,A Epic Tale of a Robot And a Monkey who must Vanquish a Man in New Orleans,56,24.99,unknown actors
98,BRIGHT ENCOUNTERS,A Fateful Yarn of a Lumberjack And a Feminist who must Conquer a Student in A Jet Boat,73,12.99,unknown actors
99,BRINGING HYSTERICAL,A Fateful Saga of a A Shark And a Technical Writer who must Find a Woman in A Jet Boat,136,14.99,unknown actors
100,BROOKLYN DESERT,A Beautiful Drama of a Dentist And a Composer who must Battle a Sumo Wrestler in The First Manned Space Station,161,21.99,unknown actors
101,BROTHERHOOD BLANKET,A Fateful Character Study of a Butler And a Technical Writer who must Sink a Astronaut in Ancient Japan,73,26.99,FRED COSTNER
102,BUBBLE GROSSE,A Awe-Inspiring Panorama of a Crocodile And a Moose who must Confront a Girl in A Baloon,60,20.99,unknown actors
103,BUCKET BROTHERHOOD,A Amazing Display of a Girl And a Womanizer who must Succumb a Lumberjack in A Baloon Factory,133,27.99,"RIP CRAWFORD, TIM HACKMAN"
104,BUGSY SONG,A Awe-Inspiring Character Study of a Secret Agent And a Boat who must Find a Squirrel in The First Manned Space Station,119,17.99,unknown actors
105,BULL SHAWSHANK,A Fanciful Drama of a Moose And a Squirrel who must Conquer a Pioneer in The Canadian Rockies,125,21.99,"NICK WAHLBERG, SANDRA KILMER, ALEC WAYNE"
106,BULWORTH COMMANDMENTS,A Amazing Display of a Mad Cow And a Pioneer who must Redeem a Sumo Wrestler in The Outback,61,14.99,PENELOPE GUINESS
107,BUNCH MINDS,A Emotional Story of a Feminist And a Feminist who must Escape a Pastry Chef in A MySQL Convention,63,13.99,"KARL BERRY, WOODY HOFFMAN"
108,BUTCH PANTHER,A Lacklusture Yarn of a Feminist And a Database Administrator who must Face a Hunter in New Orleans,67,19.99,CUBA OLIVIER
109,BUTTERFLY CHOCOLAT,A Fateful Story of a Girl And a Composer who must Conquer a Husband in A Shark Tank,89,17.99,unknown actors
110,CABIN FLASH,A Stunning Epistle of a Boat And a Man who must Challenge a A Shark in A Baloon Factory,53,25.99,"UMA WOOD, ALEC WAYNE"
111,CADDYSHACK JEDI,A Awe-Inspiring Epistle of a Woman And a Madman who must Fight a Robot in Soviet Georgia,52,17.99,"ED CHASE, ELVIS MARX, TOM MCKELLEN"
112,CALENDAR GUNFIGHT,A Thrilling Drama of a Frisbee And a Lumberjack who must Sink a Man in Nigeria,120,22.99,"BETTE NICHOLSON, CAMERON STREEP, TIM HACKMAN, MILLA PECK"
113,CALIFORNIA BIRDS,A Thrilling Yarn of a Database Administrator And a Robot who must Battle a Database Administrator in Ancient India,75,19.99,unknown actors
114,CAMELOT VACATION,A Touching Character Study of a Woman And a Waitress who must Battle a Pastry Chef in A MySQL Convention,61,26.99,unknown actors
115,CAMPUS REMEMBER,A Astounding Drama of a Crocodile And a Mad Cow who must Build a Robot in A Jet Boat,167,27.99,MATTHEW JOHANSSON
116,CANDIDATE PERDITION,A Brilliant Epistle of a Composer And a Database Administrator who must Vanquish a Mad Scientist in The First Manned Space Station,70,10.99,SANDRA KILMER
117,CANDLES GRAPES,A Fanciful Character Study of a Monkey And a Explorer who must Build a Astronaut in An Abandoned Fun House,135,15.99,SANDRA KILMER
118,CANYON STOCK,A Thoughtful Reflection of a Waitress And a Feminist who must Escape a Squirrel in A Manhattan Penthouse,85,26.99,"ZERO CAGE, VAL BOLGER"
119,CAPER MOTIONS,A Fateful Saga of a Moose And a Car who must Pursue a Woman in A MySQL Convention,176,22.99,"HELEN VOIGHT, AUDREY OLIVIER, VAL BOLGER"
120,CARIBBEAN LIBERTY,A Fanciful Tale of a Pioneer And a Technical Writer who must Outgun a Pioneer in A Shark Tank,92,16.99,unknown actors
121,CAROL TEXAS,A Astounding Character Study of a Composer And a Student who must Overcome a Composer in A Monastery,151,15.99,FRED COSTNER
122,CARRIE BUNCH,A Amazing Epistle of a Student And a Astronaut who must Discover a Frisbee in The Canadian Rockies,114,11.99,VAL BOLGER
123,CASABLANCA SUPER,A Amazing Panorama of a Crocodile And a Forensic Psychologist who must Pursue a Secret Agent in The First Manned Space Station,85,22.99,unknown actors
124,CASPER DRAGONFLY,A Intrepid Documentary of a Boat And a Crocodile who must Chase a Robot in The Sahara Desert,163,16.99,HELEN VOIGHT
125,CASSIDY WYOMING,A Intrepid Drama of a Frisbee And a Hunter who must Kill a Secret Agent in New Orleans,61,19.99,"CUBA OLIVIER, SANDRA KILMER, AUDREY OLIVIER"
126,CASUALTIES ENCINO,A Insightful Yarn of a A Shark And a Pastry Chef who must Face a Boy in A Monastery,179,16.99,CAMERON STREEP
127,CAT CONEHEADS,A Fast-Paced Panorama of a Girl And a A Shark who must Confront a Boy in Ancient India,112,14.99,HELEN VOIGHT
128,CATCH AMISTAD,A Boring Reflection of a Lumberjack And a Feminist who must Discover a Woman in Nigeria,183,10.99,unknown actors
129,CAUSE DATE,A Taut Tale of a Explorer And a Pastry Chef who must Conquer a Hunter in A MySQL Convention,179,16.99,unknown actors
130,CELEBRITY HORN,A Amazing Documentary of a Secret Agent And a Astronaut who must Vanquish a Hunter in A Shark Tank,110,24.99,unknown actors
131,CENTER DINOSAUR,A Beautiful Character Study of a Sumo Wrestler And a Dentist who must Find a Dog in California,152,12.99,ALEC WAYNE
132,CHAINSAW UPTOWN,A Beautiful Documentary of a Boy And a Robot who must Discover a Squirrel in Australia,114,25.99,NICK WAHLBERG
133,CHAMBER ITALIAN,A Fateful Reflection of a Moose And a Husband who must Overcome a Monkey in Nigeria,117,14.99,ALEC WAYNE
134,CHAMPION FLATLINERS,A Amazing Story of a Mad Cow And a Dog who must Kill a Husband in A Monastery,51,21.99,unknown actors
135,CHANCE RESURRECTION,A Astounding Story of a Forensic Psychologist And a Forensic Psychologist who must Overcome a Moose in Ancient China,70,22.99,MILLA PECK
136,CHAPLIN LICENSE,A Boring Drama of a Dog And a Forensic Psychologist who must Outrace a Explorer in Ancient India,146,26.99,TIM HACKMAN
137,CHARADE DUFFEL,A Action-Packed Display of a Man And a Waitress who must Build a Dog in A MySQL Convention,66,21.99,unknown actors
138,CHARIOTS CONSPIRACY,A Unbelieveable Epistle of a Robot And a Husband who must Chase a Robot in The First Manned Space Station,71,29.99,unknown actors
139,CHASING FIGHT,A Astounding Saga of a Technical Writer And a Butler who must Battle a Butler in A Shark Tank,114,21.99,unknown actors
140,CHEAPER CLYDE,A Emotional Character Study of a Pioneer And a Girl who must Discover a Dog in Ancient Japan,87,23.99,"PENELOPE GUINESS, LUCILLE TRACY"
141,CHICAGO NORTH,A Fateful Yarn of a Mad Cow And a Waitress who must Battle a Student in California,185,11.99,unknown actors
142,CHICKEN HELLFIGHTERS,A Emotional Drama of a Dog And a Explorer who must Outrace a Technical Writer in Australia,122,24.99,KIRSTEN PALTROW
143,CHILL LUCK,A Lacklusture Epistle of a Boat And a Technical Writer who must Fight a A Shark in The Canadian Rockies,142,17.99,unknown actors
144,CHINATOWN GLADIATOR,A Brilliant Panorama of a Technical Writer And a Lumberjack who must Escape a Butler in Ancient India,61,24.99,"UMA WOOD, DAN TORN, BOB FAWCETT"
145,CHISUM BEHAVIOR,A Epic Documentary of a Sumo Wrestler And a Butler who must Kill a Car in Ancient India,124,25.99,NICK WAHLBERG
146,CHITTY LOCK,A Boring Epistle of a Boat And a Database Administrator who must Kill a Sumo Wrestler in The First Manned Space Station,107,24.99,"JOHNNY LOLLOBRIGIDA, LUCILLE TRACY, ELVIS MARX, SISSY SOBIESKI, VAL BOLGER"
147,CHOCOLAT HARRY,A Action-Packed Epistle of a Dentist And a Moose who must Meet a Mad Cow in Ancient Japan,101,16.99,"JOE SWANK, RIP CRAWFORD"
148,CHOCOLATE DUCK,A Unbelieveable Story of a Mad Scientist And a Technical Writer who must Discover a Composer in Ancient China,132,13.99,"JOE SWANK, CAMERON STREEP"
149,CHRISTMAS MOONSHINE,A Action-Packed Epistle of a Feminist And a Astronaut who must Conquer a Boat in A Manhattan Penthouse,150,21.99,unknown actors
150,CIDER DESIRE,A Stunning Character Study of a Composer And a Mad Cow who must Succumb a Cat in Soviet Georgia,101,9.99,JULIA MCQUEEN
151,CINCINATTI WHISPERER,A Brilliant Saga of a Pastry Chef And a Hunter who must Confront a Butler in Berlin,143,26.99,unknown actors
152,CIRCUS YOUTH,A Thoughtful Drama of a Pastry Chef And a Dentist who must Pursue a Girl in A Baloon,90,13.99,BOB FAWCETT
153,CITIZEN SHREK,A Fanciful Character Study of a Technical Writer And a Husband who must Redeem a Robot in The Outback,165,18.99,KEVIN BLOOM
154,CLASH FREDDY,A Amazing Yarn of a Composer And a Squirrel who must Escape a Astronaut in Australia,81,12.99,"UMA WOOD, VIVIEN BERGEN, HELEN VOIGHT, MILLA PECK"
155,CLEOPATRA DEVIL,A Fanciful Documentary of a Crocodile And a Technical Writer who must Fight a A Shark in A Baloon,150,26.99,"KARL BERRY, FRED COSTNER"
156,CLERKS ANGELS,A Thrilling Display of a Sumo Wrestler And a Girl who must Confront a Man in A Baloon,164,15.99,unknown actors
157,CLOCKWORK PARADISE,A Insightful Documentary of a Technical Writer And a Feminist who must Challenge a Cat in A Baloon,143,29.99,unknown actors
158,CLONES PINOCCHIO,A Amazing Drama of a Car And a Robot who must Pursue a Dentist in New Orleans,124,16.99,MATTHEW JOHANSSON
159,CLOSER BANG,A Unbelieveable Panorama of a Frisbee And a Hunter who must Vanquish a Monkey in Ancient India,58,12.99,KIRSTEN PALTROW
160,CLUB GRAFFITI,A Epic Tale of a Pioneer And a Hunter who must Escape a Girl in A U-Boat,65,12.99,TOM MCKELLEN
161,CLUE GRAIL,A Taut Tale of a Butler And a Mad Scientist who must Build a Crocodile in Ancient China,70,27.99,unknown actors
162,CLUELESS BUCKET,A Taut Tale of a Car And a Pioneer who must Conquer a Sumo Wrestler in An Abandoned Fun House,95,13.99,UMA WOOD
163,CLYDE THEORY,A Beautiful Yarn of a Astronaut And a Frisbee who must Overcome a Explorer in A Jet Boat,139,29.99,SISSY SOBIESKI
164,COAST RAINBOW,A Astounding Documentary of a Mad Cow And a Pioneer who must Challenge a Butler in The Sahara Desert,55,20.99,"BETTE NICHOLSON, CAMERON STREEP, SISSY SOBIESKI"
165,COLDBLOODED DARLING,A Brilliant Panorama of a Dentist And a Moose who must Find a Student in The Gulf of Mexico,70,27.99,"BETTE NICHOLSON, LUCILLE TRACY"
166,COLOR PHILADELPHIA,A Thoughtful Panorama of a Car And a Crocodile who must Sink a Monkey in The Sahara Desert,149,19.99,PENELOPE GUINESS
167,COMA HEAD,A Awe-Inspiring Drama of a Boy And a Frisbee who must Escape a Pastry Chef in California,109,10.99,unknown actors
168,COMANCHEROS ENEMY,A Boring Saga of a Lumberjack And a Monkey who must Find a Monkey in The Gulf of Mexico,67,23.99,GOLDIE BRODY
169,COMFORTS RUSH,A Unbelieveable Panorama of a Pioneer And a Husband who must Meet a Mad Cow in An Abandoned Mine Shaft,76,19.99,unknown actors
170,COMMAND DARLING,A Awe-Inspiring Tale of a Forensic Psychologist And a Woman who must Challenge a Database Administrator in Ancient Japan,120,28.99,GRACE MOSTEL
171,COMMANDMENTS EXPRESS,A Fanciful Saga of a Student And a Mad Scientist who must Battle a Hunter in An Abandoned Mine Shaft,59,13.99,"JOHNNY LOLLOBRIGIDA, BURT DUKAKIS"
172,CONEHEADS SMOOCHY,A Touching Story of a Womanizer And a Composer who must Pursue a Husband in Nigeria,112,12.99,"JOHNNY LOLLOBRIGIDA, DAN TORN, JULIA MCQUEEN, ALEC WAYNE, AUDREY OLIVIER"
173,CONFESSIONS MAGUIRE,A Insightful Story of a Car And a Boy who must Battle a Technical Writer in A Baloon,65,25.99,GRACE MOSTEL
174,CONFIDENTIAL INTERVIEW,A Stunning Reflection of a Cat And a Woman who must Find a Astronaut in Ancient Japan,180,13.99,unknown actors
175,CONFUSED CANDLES,A Stunning Epistle of a Cat And a Forensic Psychologist who must Confront a Pioneer in A Baloon,122,27.99,unknown actors
176,CONGENIALITY QUEST,A Touching Documentary of a Cat And a Pastry Chef who must Find a Lumberjack in A Baloon,87,21.99,TOM MCKELLEN
177,CONNECTICUT TRAMP,A Unbelieveable Drama of a Crocodile And a Mad Cow who must Reach a Dentist in A Shark Tank,172,20.99,"KARL BERRY, FRED COSTNER"
178,CONNECTION MICROCOSMOS,A Fateful Documentary of a Crocodile And a Husband who must Face a Husband in The First Manned Space Station,115,25.99,CAMERON STREEP
179,CONQUERER NUTS,A Taut Drama of a Mad Scientist And a Man who must Escape a Pioneer in An Abandoned Mine Shaft,173,14.99,"MATTHEW JOHANSSON, KIRSTEN PALTROW, KEVIN BLOOM"
180,CONSPIRACY SPIRIT,A Awe-Inspiring Story of a Student And a Frisbee who must Conquer a Crocodile in An Abandoned Mine Shaft,184,27.99,unknown actors
181,CONTACT ANONYMOUS,A Insightful Display of a A Shark And a Monkey who must Face a Database Administrator in Ancient India,166,10.99,unknown actors
182,CONTROL ANTHEM,A Fateful Documentary of a Robot And a Student who must Battle a Cat in A Monastery,185,9.99,"BOB FAWCETT, AUDREY OLIVIER"
183,CONVERSATION DOWNHILL,A Taut Character Study of a Husband And a Waitress who must Sink a Squirrel in A MySQL Convention,112,14.99,unknown actors
184,CORE SUIT,A Unbelieveable Tale of a Car And a Explorer who must Confront a Boat in A Manhattan Penthouse,92,24.99,unknown actors
185,COWBOY DOOM,A Astounding Drama of a Boy And a Lumberjack who must Fight a Butler in A Baloon,146,10.99,ED CHASE
186,CRAFT OUTFIELD,A Lacklusture Display of a Explorer And a Hunter who must Succumb a Database Administrator in A Baloon Factory,64,17.99,RIP CRAWFORD
187,CRANES RESERVOIR,A Fanciful Documentary of a Teacher And a Dog who must Outgun a Forensic Psychologist in A Baloon Factory,57,12.99,VIVIEN BERGEN
188,CRAZY HOME,A Fanciful Panorama of a Boy And a Woman who must Vanquish a Database Administrator in The Outback,136,24.99,SISSY SOBIESKI
189,CREATURES SHAKESPEARE,A Emotional Drama of a Womanizer And a Squirrel who must Vanquish a Crocodile in Ancient India,139,23.99,unknown actors
190,CREEPERS KANE,A Awe-Inspiring Reflection of a Squirrel And a Boat who must Outrace a Car in A Jet Boat,172,23.99,unknown actors
191,CROOKED FROGMEN,A Unbelieveable Drama of a Hunter And a Database Administrator who must Battle a Crocodile in An Abandoned Amusement Park,143,27.99,"JOE SWANK, CHRISTIAN GABLE"
192,CROSSING DIVORCE,A Beautiful Documentary of a Dog And a Robot who must Redeem a Womanizer in Berlin,50,19.99,unknown actors
193,CROSSROADS CASUALTIES,A Intrepid Documentary of a Sumo Wrestler And a Astronaut who must Battle a Composer in The Outback,153,20.99,BETTE NICHOLSON
194,CROW GREASE,A Awe-Inspiring Documentary of a Woman And a Husband who must Sink a Database Administrator in The First Manned Space Station,104,22.99,CAMERON STREEP
195,CROWDS TELEMARK,A Intrepid Documentary of a Astronaut And a Forensic Psychologist who must Find a Frisbee in An Abandoned Fun House,112,16.99,MATTHEW JOHANSSON
196,CRUELTY UNFORGIVEN,A Brilliant Tale of a Car And a Moose who must Battle a Dentist in Nigeria,69,29.99,unknown actors
197,CRUSADE HONEY,A Fast-Paced Reflection of a Explorer And a Butler who must Battle a Madman in An Abandoned Amusement Park,112,27.99,TIM HACKMAN
198,CRYSTAL BREAKING,A Fast-Paced Character Study of a Feminist And a Explorer who must Face a Pastry Chef in Ancient Japan,184,22.99,unknown actors
199,CUPBOARD SINNERS,A Emotional Reflection of a Frisbee And a Boat who must Reach a Pastry Chef in An Abandoned Amusement Park,56,29.99,"HELEN VOIGHT, CAMERON STREEP, TIM HACKMAN"
200,CURTAIN VIDEOTAPE,A Boring Reflection of a Dentist And a Mad Cow who must Chase a Secret Agent in A Shark Tank,133,27.99,JOE SWANK
201,CYCLONE FAMILY,A Lacklusture Drama of a Student And a Monkey who must Sink a Womanizer in A MySQL Convention,176,18.99,"HELEN VOIGHT, RIP CRAWFORD, JUDY DEAN"
202,DADDY PITTSBURGH,A Epic Story of a A Shark And a Student who must Confront a Explorer in The Gulf of Mexico,161,26.99,JOHNNY LOLLOBRIGIDA
203,DAISY MENAGERIE,A Fast-Paced Saga of a Pastry Chef And a Monkey who must Sink a Composer in Ancient India,84,9.99,"JOHNNY LOLLOBRIGIDA, UMA WOOD, GOLDIE BRODY"
204,DALMATIONS SWEDEN,A Emotional Epistle of a Moose And a Hunter who must Overcome a Robot in A Manhattan Penthouse,106,25.99,"JOE SWANK, KEVIN BLOOM, VAL BOLGER"
205,DANCES NONE,A Insightful Reflection of a A Shark And a Dog who must Kill a Butler in An Abandoned Amusement Park,58,22.99,"MATTHEW JOHANSSON, ZERO CAGE"
206,DANCING FEVER,A Stunning Story of a Explorer And a Forensic Psychologist who must Face a Crocodile in A Shark Tank,144,25.99,unknown actors
207,DANGEROUS UPTOWN,A Unbelieveable Story of a Mad Scientist And a Woman who must Overcome a Dog in California,121,26.99,unknown actors
208,DARES PLUTO,A Fateful Story of a Robot And a Dentist who must Defeat a Astronaut in New Orleans,89,16.99,"KARL BERRY, BOB FAWCETT"
209,DARKNESS WAR,A Touching Documentary of a Husband And a Hunter who must Escape a Boy in The Sahara Desert,99,24.99,unknown actors
210,DARKO DORADO,A Stunning Reflection of a Frisbee And a Husband who must Redeem a Dog in New Orleans,130,13.99,unknown actors
211,DARLING BREAKING,A Brilliant Documentary of a Astronaut And a Squirrel who must Succumb a Student in The Gulf of Mexico,165,20.99,unknown actors
212,DARN FORRESTER,A Fateful Story of a A Shark And a Explorer who must Succumb a Technical Writer in A Jet Boat,185,14.99,"BOB FAWCETT, SANDRA KILMER"
213,DATE SPEED,A Touching Saga of a Composer And a Moose who must Discover a Dentist in A MySQL Convention,104,19.99,"KARL BERRY, KEVIN BLOOM"
214,DAUGHTER MADIGAN,A Beautiful Tale of a Hunter And a Mad Scientist who must Confront a Squirrel in The First Manned Space Station,59,13.99,MILLA PECK
215,DAWN POND,A Thoughtful Documentary of a Dentist And a Forensic Psychologist who must Defeat a Waitress in Berlin,57,27.99,unknown actors
216,DAY UNFAITHFUL,A Stunning Documentary of a Composer And a Mad Scientist who must Find a Technical Writer in A U-Boat,113,16.99,KARL BERRY
217,DAZED PUNK,A Action-Packed Story of a Pioneer And a Technical Writer who must Discover a Forensic Psychologist in An Abandoned Amusement Park,120,20.99,"GRACE MOSTEL, BOB FAWCETT"
218,DECEIVER BETRAYED,A Taut Story of a Moose And a Squirrel who must Build a Husband in Ancient India,122,22.99,"GRACE MOSTEL, FRED COSTNER"
219,DEEP CRUSADE,A Amazing Tale of a Crocodile And a Squirrel who must Discover a Composer in Australia,51,20.99,TIM HACKMAN
220,DEER VIRGINIAN,A Thoughtful Story of a Mad Cow And a Womanizer who must Overcome a Mad Scientist in Soviet Georgia,106,13.99,unknown actors
221,DELIVERANCE MULHOLLAND,A Astounding Saga of a Monkey And a Moose who must Conquer a Butler in A Shark Tank,100,9.99,FRED COSTNER
222,DESERT POSEIDON,A Brilliant Documentary of a Butler And a Frisbee who must Build a Astronaut in New Orleans,64,27.99,GOLDIE BRODY
223,DESIRE ALIEN,A Fast-Paced Tale of a Dog And a Forensic Psychologist who must Meet a Astronaut in The First Manned Space Station,76,24.99,TOM MCKELLEN
